id,value
2f920d39-319e-4bf7-90c8-6133c3337af7,health_informations|0.0.diagnosed:'Leukemia'
64c2e7de-0cc8-4df5-a54f-02398652c080,health_informations|0.0.diagnosed:'Diabetes'
2f920d39-319e-4bf7-90c8-6133c3337af7,health_informations|0.1.diagnosed:'Pneumonia'
64c2e7de-0cc8-4df5-a54f-02398652c080,health_informations|0.1.diagnosed:'Hypertension'
2f920d39-319e-4bf7-90c8-6133c3337af7,health_informations|1.0.diagnosed:'Cancer'
2f920d39-319e-4bf7-90c8-6133c3337af7,health_informations|1.1.diagnosed:'Asthma'
