[
    {
        "households": [
            {
                "date_updated": "nan",
                "house_ownership": "Owned Not",
                "neighborhood_description": "Urban",
                "no_of_families_in_the_household": "nan",
                "no_of_people_in_the_household": "nan",
                "sanitary_ownership": "Owned Not",
                "type_of_house": "Concrete-based"
            }
        ],
        "id": "2f920d39-319e-4bf7-90c8-6133c3337af7"
    },
    {
        "households": [
            {
                "date_updated": "08/02/2019 at 08:44:13 PM GMT+08:00",
                "house_ownership": "Not Owned",
                "neighborhood_description": "Not Rural",
                "no_of_families_in_the_household": "nan",
                "no_of_people_in_the_household": "nan",
                "sanitary_ownership": "Not Owned",
                "type_of_house": "nan"
            },
            {
                "date_updated": "07/02/2018 at 08:44:13 PM GMT+08:00",
                "house_ownership": "Owned",
                "neighborhood_description": "Rural",
                "no_of_families_in_the_household": "nan",
                "no_of_people_in_the_household": "nan",
                "sanitary_ownership": "Owned",
                "type_of_house": "nan"
            }
        ],
        "id": "64c2e7de-0cc8-4df5-a54f-02398652c080"
    }
]