_id,_index_map,family_planning_and_maternal_healths.not_pregnant.family_planning_you_are_willing_to_use
781ed934-21b0-4f77-98c0-974b55cf1c71,0.0,Pills
ba9406b9-96ba-428a-8fd9-dafa83ec0355,0.0,Pills
caa113e2-f0b1-4437-b300-bea237019ea3,0.0,Pills
ce5a0f30-4f4f-439f-acda-84b0acb3c6da,0.0,Pills
de09dc98-7432-47e9-86ef-bc1e8d1d7c27,0.0,"not yet decided
"
e12f51eb-d2ae-459e-822d-50316ff69e79,0.0,Injectable/DMPA
7f7c3c28-94eb-4ee4-afe9-80858d1415a4,1.0,Pills
8ba42051-48f1-44ee-87e5-c6202f39a6b2,1.0,Pills
e12f51eb-d2ae-459e-822d-50316ff69e79,1.0,Injectable/DMPA
