_id,_index_map,family_planning_and_maternal_healths.not_pregnant.did_you_experience_any_of_the_following_after_delivery
266f8e28-bb18-42e2-b67e-1377eea52278,0.0,Heavy vaginal bleeding
54aab14f-4b47-4912-bf30-5b1eff36a8f5,0.0,Heavy vaginal bleeding
671f7a9f-a7e7-484f-bbea-80b7a4a9cf08,0.0,Difficulty urinating
6c0fe853-926b-4e81-81b2-41ca0051e430,0.0,Heavy vaginal bleeding
9187d627-0682-4590-9ced-efe144a28c47,0.0,Fever
b12397b9-1c4a-4f15-b563-835cd72edc39,0.0,Severe headache
b43115e4-90f3-4fd7-9363-b5504b794bf5,0.0,Heavy vaginal bleeding
f42b3a85-54cc-45af-97d4-9ad5bb9d4761,0.0,Engorged or painful breast
